Param,Value
a,4.60277793169514
b,0.00417788977100164
c,0.000127082202888001
d,1993.76165557897
