Param,Value
a,0.000199124485211394
b,2224.50762003709
c,2.65119608067546e-05
d,2473.25449929061
