Param,Value
a,0.00122337375088334
b,1649.69174150814
c,0.0226982811775621
d,356.987227030285
e,129.496290758392
f,297.362406066565
g,956.909077525114
h,11245.4184626573
