Param,Value
a,67.1725520078636
b,601.897917119053
c,76.3904594587443
d,857.305023625871
e,34.9014914624818
f,656.582875175667
g,69.4058891965851
h,910.723057583237
