Param,Value
a,0.633820164050159
b,3.45275475689937e-14
c,246.050602594167
d,14367.9577585172
