Param,Value
a,529.584000901177
b,4608.53024193535
c,381.66596137184
d,4865.31583815416
