Param,Value
a,0.00051021555271583
b,3118.70625920314
c,0.000149627885740281
d,2928.4994261848
