Param,Value
a,0.00555650266452232
b,2025.96244728182
c,2.20373439718508
d,187.137648125273
e,0.230394383872698
f,1069.065410209
g,0.126930521455356
h,725.827927507063
