Param,Value
a,10.0695994160079
b,0.012128181232727
c,0.00017206825745782
d,2885.27100913428
